,precision,recall,f1-score,support
0,0.9663865546218487,0.9956709956709957,0.9808102345415779,231.0
1,0.9705882352941176,0.8048780487804879,0.8800000000000001,41.0
accuracy,0.9669117647058824,0.9669117647058824,0.9669117647058824,0.9669117647058824
macro avg,0.9684873949579832,0.9002745222257418,0.930405117270789,272.0
weighted avg,0.9670198961937717,0.9669117647058824,0.9656145741878842,272.0
