,precision,recall,f1-score,support
0,0.9786324786324786,0.9913419913419913,0.9849462365591398,231.0
1,0.9473684210526315,0.8780487804878049,0.9113924050632912,41.0
accuracy,0.9742647058823529,0.9742647058823529,0.9742647058823529,0.9742647058823529
macro avg,0.9630004498425551,0.9346953859148981,0.9481693208112155,272.0
weighted avg,0.9739198817178694,0.9742647058823529,0.9738590781351332,272.0
